roomid,day,current_area,room_area,stock,shortage_until_next,distance_to_current_area,value
0,0,0,0,10,0,5,0.0
1,0,0,0,10,0,6,0.0
2,0,0,0,10,0,3,0.0
3,0,0,0,10,0,6,0.0
4,0,0,0,10,0,5,0.0
5,0,0,0,10,0,3,0.0
6,0,0,0,10,0,3,0.0
7,0,0,0,10,0,4,0.0
8,0,0,0,10,0,8,0.0
9,0,0,0,10,0,3,0.0
10,0,0,0,10,0,7,0.0
11,0,0,0,10,0,7,0.0
12,0,0,0,10,0,3,0.0
13,0,0,0,10,0,7,0.0
14,0,0,0,10,0,4,0.0
15,0,0,0,10,0,7,0.0
16,0,0,0,10,0,3,0.0
17,0,0,0,10,0,4,0.0
18,0,0,0,10,0,5,0.0
19,0,0,0,10,0,2,0.0
20,1,1,1,10,0,8,0.0
21,1,1,1,10,0,3,0.0
22,1,1,1,10,0,4,0.0
23,1,1,1,10,0,6,0.0
24,1,1,1,10,0,4,0.0
25,1,1,1,10,0,7,0.0
26,1,1,1,9,0,4,0.0
27,1,1,1,10,0,5,0.0
28,1,1,1,10,0,3,0.0
29,1,1,1,10,0,2,0.0
30,1,1,1,10,0,4,0.0
31,1,1,1,10,0,11,0.0
32,1,1,1,10,0,2,0.0
33,1,1,1,10,0,3,0.0
34,1,1,1,9,0,5,0.0
35,1,1,1,0,0,4,0.0
36,1,1,1,10,0,1,0.0
37,1,1,1,10,0,7,0.0
38,1,1,1,10,0,2,0.0
39,1,1,1,6,0,2,0.0
40,2,2,2,10,0,5,0.0
41,2,2,2,10,0,5,0.0
42,2,2,2,2,0,5,0.0
43,2,2,2,10,0,3,0.0
44,2,2,2,10,0,9,0.0
45,2,2,2,10,0,4,0.0
46,2,2,2,2,0,3,0.0
47,2,2,2,10,0,2,0.0
48,2,2,2,10,0,5,0.0
49,2,2,2,9,0,9,0.0
50,2,2,2,10,0,2,0.0
51,2,2,2,2,0,2,0.0
52,2,2,2,6,0,1,0.0
53,2,2,2,10,0,2,0.0
54,2,2,2,10,0,3,0.0
55,2,2,2,10,0,4,0.0
56,2,2,2,10,0,4,0.0
57,2,2,2,10,0,3,0.0
58,2,2,2,10,0,3,0.0
59,2,2,2,10,0,1,0.0
60,3,3,3,10,0,3,0.0
61,3,3,3,6,0,6,0.0
62,3,3,3,6,0,6,0.0
63,3,3,3,10,0,1,0.0
64,3,3,3,10,0,5,0.0
65,3,3,3,10,0,8,0.0
66,3,3,3,6,0,6,0.0
67,3,3,3,10,0,3,0.0
68,3,3,3,6,0,3,0.0
69,3,3,3,8,0,3,0.0
70,3,3,3,10,0,7,0.0
71,3,3,3,10,0,5,0.0
72,3,3,3,9,0,1,0.0
73,3,3,3,0,0,4,0.0
74,3,3,3,10,0,3,0.0
75,3,3,3,10,0,9,0.0
76,3,3,3,6,0,4,0.0
77,3,3,3,10,0,4,0.0
78,3,3,3,10,0,4,0.0
79,3,3,3,6,0,6,0.0
80,4,4,4,10,0,4,0.0
81,4,4,4,10,0,6,0.0
82,4,4,4,10,0,7,0.0
83,4,4,4,6,0,5,0.0
84,4,4,4,9,0,4,0.0
85,4,4,4,10,0,4,0.0
86,4,4,4,10,0,3,0.0
87,4,4,4,10,0,2,0.0
88,4,4,4,10,0,7,0.0
89,4,4,4,9,0,3,0.0
90,4,4,4,8,0,5,0.0
91,4,4,4,10,0,6,0.0
92,4,4,4,0,0,4,0.0
93,4,4,4,10,0,6,0.0
94,4,4,4,10,0,6,0.0
95,4,4,4,8,0,6,0.0
96,4,4,4,10,0,6,0.0
97,4,4,4,10,0,2,0.0
98,4,4,4,8,0,6,0.0
99,4,4,4,2,0,5,0.0
0,5,0,0,10,0,5,0.0
1,5,0,0,10,0,6,0.0
2,5,0,0,10,0,3,0.0
3,5,0,0,10,0,6,0.0
4,5,0,0,10,0,5,0.0
5,5,0,0,0,0,3,0.0
6,5,0,0,2,0,3,0.0
7,5,0,0,10,0,4,0.0
8,5,0,0,5,0,8,0.0
9,5,0,0,10,0,3,0.0
10,5,0,0,8,0,7,0.0
11,5,0,0,8,0,7,0.0
12,5,0,0,10,0,3,0.0
13,5,0,0,7,0,7,0.0
14,5,0,0,0,0,4,0.0
15,5,0,0,10,0,7,0.0
16,5,0,0,10,0,3,0.0
17,5,0,0,0,0,4,0.0
18,5,0,0,6,0,5,0.0
19,5,0,0,10,0,2,0.0
20,6,1,1,10,0,8,0.0
21,6,1,1,2,40,3,13.333333333333334
22,6,1,1,10,0,4,0.0
23,6,1,1,10,0,6,0.0
24,6,1,1,9,0,4,0.0
25,6,1,1,0,71,7,10.142857142857142
26,6,1,1,9,15,4,3.75
27,6,1,1,7,16,5,3.2
28,6,1,1,10,0,3,0.0
29,6,1,1,9,0,2,0.0
30,6,1,1,10,0,4,0.0
31,6,1,1,0,68,11,6.181818181818182
32,6,1,1,10,0,2,0.0
33,6,1,1,10,0,3,0.0
34,6,1,1,8,30,5,6.0
35,6,1,1,10,31,4,7.75
36,6,1,1,10,0,1,0.0
37,6,1,1,8,0,7,0.0
38,6,1,1,8,12,2,6.0
39,6,1,1,2,29,2,14.5
40,7,2,2,10,0,5,0.0
41,7,2,2,7,24,5,4.8
42,7,2,2,0,38,5,7.6
43,7,2,2,2,69,3,23.0
44,7,2,2,10,0,9,0.0
45,7,2,2,10,0,4,0.0
46,7,2,2,0,61,3,20.333333333333332
47,7,2,2,10,11,2,5.5
48,7,2,2,2,63,5,12.6
49,7,2,2,9,8,9,0.8888888888888888
50,7,2,2,10,0,2,0.0
51,7,2,2,0,48,2,24.0
52,7,2,2,10,57,1,57.0
53,7,2,2,10,0,2,0.0
54,7,2,2,10,0,3,0.0
55,7,2,2,10,0,4,0.0
56,7,2,2,10,0,4,0.0
57,7,2,2,9,10,3,3.3333333333333335
58,7,2,2,10,0,3,0.0
59,7,2,2,10,0,1,0.0
60,8,3,3,10,0,3,0.0
61,8,3,3,4,3,6,0.5
62,8,3,3,0,50,6,8.333333333333334
63,8,3,3,10,0,1,0.0
64,8,3,3,10,0,5,0.0
65,8,3,3,10,0,8,0.0
66,8,3,3,10,59,6,9.833333333333334
67,8,3,3,10,0,3,0.0
68,8,3,3,2,44,3,14.666666666666666
69,8,3,3,9,13,3,4.333333333333333
70,8,3,3,10,0,7,0.0
71,8,3,3,10,0,5,0.0
72,8,3,3,8,4,1,4.0
73,8,3,3,0,36,4,9.0
74,8,3,3,10,0,3,0.0
75,8,3,3,10,0,9,0.0
76,8,3,3,0,44,4,11.0
77,8,3,3,10,0,4,0.0
78,8,3,3,10,0,4,0.0
79,8,3,3,6,59,6,9.833333333333334
80,9,4,4,10,0,4,0.0
81,9,4,4,10,0,6,0.0
82,9,4,4,10,0,7,0.0
83,9,4,4,0,73,5,14.6
84,9,4,4,10,0,4,0.0
85,9,4,4,10,0,4,0.0
86,9,4,4,10,0,3,0.0
87,9,4,4,10,0,2,0.0
88,9,4,4,0,63,7,9.0
89,9,4,4,9,0,3,0.0
90,9,4,4,10,0,5,0.0
91,9,4,4,10,0,6,0.0
92,9,4,4,0,92,4,23.0
93,9,4,4,10,0,6,0.0
94,9,4,4,10,0,6,0.0
95,9,4,4,10,10,6,1.6666666666666667
96,9,4,4,10,0,6,0.0
97,9,4,4,10,0,2,0.0
98,9,4,4,8,3,6,0.5
99,9,4,4,0,76,5,15.2
0,10,0,0,10,0,5,0.0
1,10,0,0,10,0,6,0.0
2,10,0,0,10,0,3,0.0
3,10,0,0,10,0,6,0.0
4,10,0,0,10,0,5,0.0
5,10,0,0,6,50,3,16.666666666666668
6,10,0,0,2,36,3,12.0
7,10,0,0,10,0,4,0.0
8,10,0,0,7,1,8,0.125
9,10,0,0,10,0,3,0.0
10,10,0,0,10,0,7,0.0
11,10,0,0,10,0,7,0.0
12,10,0,0,10,0,3,0.0
13,10,0,0,9,12,7,1.7142857142857142
14,10,0,0,0,42,4,10.5
15,10,0,0,10,0,7,0.0
16,10,0,0,10,0,3,0.0
17,10,0,0,3,3,4,0.75
18,10,0,0,10,60,5,12.0
19,10,0,0,10,0,2,0.0
20,11,1,1,10,0,8,0.0
21,11,1,1,10,49,3,16.333333333333332
22,11,1,1,10,0,4,0.0
23,11,1,1,10,0,6,0.0
24,11,1,1,9,0,4,0.0
25,11,1,1,6,66,7,9.428571428571429
26,11,1,1,8,1,4,0.25
27,11,1,1,10,2,5,0.4
28,11,1,1,10,0,3,0.0
29,11,1,1,10,0,2,0.0
30,11,1,1,10,0,4,0.0
31,11,1,1,10,68,11,6.181818181818182
32,11,1,1,10,0,2,0.0
33,11,1,1,10,0,3,0.0
34,11,1,1,9,20,5,4.0
35,11,1,1,6,10,4,2.5
36,11,1,1,10,0,1,0.0
37,11,1,1,9,0,7,0.0
38,11,1,1,6,11,2,5.5
39,11,1,1,0,64,2,32.0
40,12,2,2,10,0,5,0.0
41,12,2,2,8,10,5,2.0
42,12,2,2,2,43,5,8.6
43,12,2,2,2,43,3,14.333333333333334
44,12,2,2,10,0,9,0.0
45,12,2,2,10,0,4,0.0
46,12,2,2,0,51,3,17.0
47,12,2,2,10,10,2,5.0
48,12,2,2,10,51,5,10.2
49,12,2,2,8,10,9,1.1111111111111112
50,12,2,2,10,0,2,0.0
51,12,2,2,0,40,2,20.0
52,12,2,2,0,61,1,61.0
53,12,2,2,10,0,2,0.0
54,12,2,2,10,0,3,0.0
55,12,2,2,10,0,4,0.0
56,12,2,2,10,0,4,0.0
57,12,2,2,9,2,3,0.6666666666666666
58,12,2,2,10,0,3,0.0
59,12,2,2,10,0,1,0.0
60,13,3,3,10,0,3,0.0
61,13,3,3,8,0,6,0.0
62,13,3,3,6,45,6,7.5
63,13,3,3,10,0,1,0.0
64,13,3,3,10,0,5,0.0
65,13,3,3,10,0,8,0.0
66,13,3,3,2,32,6,5.333333333333333
67,13,3,3,10,0,3,0.0
68,13,3,3,2,39,3,13.0
69,13,3,3,10,10,3,3.3333333333333335
70,13,3,3,10,0,7,0.0
71,13,3,3,8,0,5,0.0
72,13,3,3,6,2,1,2.0
73,13,3,3,0,60,4,15.0
74,13,3,3,10,0,3,0.0
75,13,3,3,10,0,9,0.0
76,13,3,3,6,32,4,8.0
77,13,3,3,10,0,4,0.0
78,13,3,3,10,0,4,0.0
79,13,3,3,6,30,6,5.0
80,14,4,4,10,0,4,0.0
81,14,4,4,10,0,6,0.0
82,14,4,4,10,0,7,0.0
83,14,4,4,0,66,5,13.2
84,14,4,4,10,0,4,0.0
85,14,4,4,10,0,4,0.0
86,14,4,4,10,0,3,0.0
87,14,4,4,10,0,2,0.0
88,14,4,4,2,18,7,2.5714285714285716
89,14,4,4,9,0,3,0.0
90,14,4,4,9,1,5,0.2
91,14,4,4,10,0,6,0.0
92,14,4,4,0,80,4,20.0
93,14,4,4,10,0,6,0.0
94,14,4,4,10,0,6,0.0
95,14,4,4,8,10,6,1.6666666666666667
96,14,4,4,10,0,6,0.0
97,14,4,4,10,0,2,0.0
98,14,4,4,9,1,6,0.16666666666666666
99,14,4,4,0,44,5,8.8
0,15,0,0,10,0,5,0.0
1,15,0,0,10,0,6,0.0
2,15,0,0,10,0,3,0.0
3,15,0,0,10,0,6,0.0
4,15,0,0,10,0,5,0.0
5,15,0,0,6,50,3,16.666666666666668
6,15,0,0,6,54,3,18.0
7,15,0,0,10,0,4,0.0
8,15,0,0,8,3,8,0.375
9,15,0,0,10,0,3,0.0
10,15,0,0,9,0,7,0.0
11,15,0,0,9,0,7,0.0
12,15,0,0,10,0,3,0.0
13,15,0,0,5,2,7,0.2857142857142857
14,15,0,0,0,37,4,9.25
15,15,0,0,10,0,7,0.0
16,15,0,0,10,0,3,0.0
17,15,0,0,3,4,4,1.0
18,15,0,0,2,56,5,11.2
19,15,0,0,10,0,2,0.0
20,16,1,1,10,0,8,0.0
21,16,1,1,0,65,3,21.666666666666668
22,16,1,1,10,0,4,0.0
23,16,1,1,10,0,6,0.0
24,16,1,1,10,0,4,0.0
25,16,1,1,0,49,7,7.0
26,16,1,1,5,2,4,0.5
27,16,1,1,8,20,5,4.0
28,16,1,1,10,0,3,0.0
29,16,1,1,10,0,2,0.0
30,16,1,1,10,0,4,0.0
31,16,1,1,0,57,11,5.181818181818182
32,16,1,1,10,0,2,0.0
33,16,1,1,10,0,3,0.0
34,16,1,1,10,30,5,6.0
35,16,1,1,6,54,4,13.5
36,16,1,1,10,0,1,0.0
37,16,1,1,9,0,7,0.0
38,16,1,1,10,4,2,2.0
39,16,1,1,0,38,2,19.0
40,17,2,2,10,0,5,0.0
41,17,2,2,10,12,5,2.4
42,17,2,2,0,64,5,12.8
43,17,2,2,6,42,3,14.0
44,17,2,2,10,0,9,0.0
45,17,2,2,10,0,4,0.0
46,17,2,2,0,46,3,15.333333333333334
47,17,2,2,8,2,2,1.0
48,17,2,2,10,36,5,7.2
49,17,2,2,7,1,9,0.1111111111111111
50,17,2,2,10,0,2,0.0
51,17,2,2,0,43,2,21.5
52,17,2,2,0,56,1,56.0
53,17,2,2,10,0,2,0.0
54,17,2,2,10,0,3,0.0
55,17,2,2,10,0,4,0.0
56,17,2,2,10,0,4,0.0
57,17,2,2,6,10,3,3.3333333333333335
58,17,2,2,10,0,3,0.0
59,17,2,2,10,0,1,0.0
60,18,3,3,10,0,3,0.0
61,18,3,3,7,7,6,1.1666666666666667
62,18,3,3,6,63,6,10.5
63,18,3,3,10,0,1,0.0
64,18,3,3,10,0,5,0.0
65,18,3,3,10,0,8,0.0
66,18,3,3,6,44,6,7.333333333333333
67,18,3,3,10,0,3,0.0
68,18,3,3,6,36,3,12.0
69,18,3,3,10,19,3,6.333333333333333
70,18,3,3,10,0,7,0.0
71,18,3,3,9,0,5,0.0
72,18,3,3,9,2,1,2.0
73,18,3,3,0,48,4,12.0
74,18,3,3,10,0,3,0.0
75,18,3,3,10,0,9,0.0
76,18,3,3,6,36,4,9.0
77,18,3,3,10,0,4,0.0
78,18,3,3,10,0,4,0.0
79,18,3,3,6,60,6,10.0
80,19,4,4,10,0,4,0.0
81,19,4,4,10,0,6,0.0
82,19,4,4,10,0,7,0.0
83,19,4,4,0,71,5,14.2
84,19,4,4,10,0,4,0.0
85,19,4,4,10,0,4,0.0
86,19,4,4,10,0,3,0.0
87,19,4,4,10,0,2,0.0
88,19,4,4,0,36,7,5.142857142857143
89,19,4,4,10,0,3,0.0
90,19,4,4,10,0,5,0.0
91,19,4,4,10,0,6,0.0
92,19,4,4,0,73,4,18.25
93,19,4,4,10,0,6,0.0
94,19,4,4,10,0,6,0.0
95,19,4,4,8,11,6,1.8333333333333333
96,19,4,4,10,0,6,0.0
97,19,4,4,10,0,2,0.0
98,19,4,4,9,2,6,0.3333333333333333
99,19,4,4,0,71,5,14.2
0,20,0,0,10,0,5,0.0
1,20,0,0,10,0,6,0.0
2,20,0,0,10,0,3,0.0
3,20,0,0,10,0,6,0.0
4,20,0,0,10,0,5,0.0
5,20,0,0,6,56,3,18.666666666666668
6,20,0,0,0,73,3,24.333333333333332
7,20,0,0,10,0,4,0.0
8,20,0,0,7,2,8,0.25
9,20,0,0,10,0,3,0.0
10,20,0,0,9,0,7,0.0
11,20,0,0,8,0,7,0.0
12,20,0,0,10,0,3,0.0
13,20,0,0,6,10,7,1.4285714285714286
14,20,0,0,10,41,4,10.25
15,20,0,0,10,0,7,0.0
16,20,0,0,10,0,3,0.0
17,20,0,0,7,0,4,0.0
18,20,0,0,2,53,5,10.6
19,20,0,0,10,0,2,0.0
20,21,1,1,10,0,8,0.0
21,21,1,1,6,48,3,16.0
22,21,1,1,10,0,4,0.0
23,21,1,1,10,0,6,0.0
24,21,1,1,10,0,4,0.0
25,21,1,1,10,43,7,6.142857142857143
26,21,1,1,6,9,4,2.25
27,21,1,1,10,10,5,2.0
28,21,1,1,10,0,3,0.0
29,21,1,1,10,0,2,0.0
30,21,1,1,10,0,4,0.0
31,21,1,1,2,61,11,5.545454545454546
32,21,1,1,10,0,2,0.0
33,21,1,1,10,0,3,0.0
34,21,1,1,10,26,5,5.2
35,21,1,1,10,33,4,8.25
36,21,1,1,10,0,1,0.0
37,21,1,1,8,0,7,0.0
38,21,1,1,8,10,2,5.0
39,21,1,1,6,54,2,27.0
40,22,2,2,10,0,5,0.0
41,22,2,2,8,22,5,4.4
42,22,2,2,10,46,5,9.2
43,22,2,2,6,51,3,17.0
44,22,2,2,10,0,9,0.0
45,22,2,2,10,0,4,0.0
46,22,2,2,0,53,3,17.666666666666668
47,22,2,2,8,4,2,2.0
48,22,2,2,6,63,5,12.6
49,22,2,2,8,11,9,1.2222222222222223
50,22,2,2,10,0,2,0.0
51,22,2,2,0,49,2,24.5
52,22,2,2,10,60,1,60.0
53,22,2,2,10,0,2,0.0
54,22,2,2,10,0,3,0.0
55,22,2,2,10,0,4,0.0
56,22,2,2,10,0,4,0.0
57,22,2,2,10,0,3,0.0
58,22,2,2,10,0,3,0.0
59,22,2,2,10,0,1,0.0
60,23,3,3,10,0,3,0.0
61,23,3,3,6,5,6,0.8333333333333334
62,23,3,3,6,46,6,7.666666666666667
63,23,3,3,10,0,1,0.0
64,23,3,3,10,0,5,0.0
65,23,3,3,10,0,8,0.0
66,23,3,3,0,70,6,11.666666666666666
67,23,3,3,9,0,3,0.0
68,23,3,3,6,61,3,20.333333333333332
69,23,3,3,9,16,3,5.333333333333333
70,23,3,3,10,0,7,0.0
71,23,3,3,8,0,5,0.0
72,23,3,3,8,10,1,10.0
73,23,3,3,0,33,4,8.25
74,23,3,3,10,0,3,0.0
75,23,3,3,10,0,9,0.0
76,23,3,3,6,47,4,11.75
77,23,3,3,10,0,4,0.0
78,23,3,3,10,0,4,0.0
79,23,3,3,2,34,6,5.666666666666667
80,24,4,4,10,0,4,0.0
81,24,4,4,10,0,6,0.0
82,24,4,4,10,0,7,0.0
83,24,4,4,0,60,5,12.0
84,24,4,4,10,0,4,0.0
85,24,4,4,10,0,4,0.0
86,24,4,4,10,0,3,0.0
87,24,4,4,10,0,2,0.0
88,24,4,4,2,49,7,7.0
89,24,4,4,9,0,3,0.0
90,24,4,4,8,0,5,0.0
91,24,4,4,10,0,6,0.0
92,24,4,4,0,90,4,22.5
93,24,4,4,10,0,6,0.0
94,24,4,4,10,0,6,0.0
95,24,4,4,10,0,6,0.0
96,24,4,4,10,0,6,0.0
97,24,4,4,10,0,2,0.0
98,24,4,4,10,4,6,0.6666666666666666
99,24,4,4,2,68,5,13.6
0,25,0,0,10,0,5,0.0
1,25,0,0,10,0,6,0.0
2,25,0,0,10,0,3,0.0
3,25,0,0,10,0,6,0.0
4,25,0,0,10,0,5,0.0
5,25,0,0,6,48,3,16.0
6,25,0,0,2,21,3,7.0
7,25,0,0,10,0,4,0.0
8,25,0,0,6,2,8,0.25
9,25,0,0,10,0,3,0.0
10,25,0,0,10,0,7,0.0
11,25,0,0,9,0,7,0.0
12,25,0,0,10,0,3,0.0
13,25,0,0,6,7,7,1.0
14,25,0,0,0,43,4,10.75
15,25,0,0,10,0,7,0.0
16,25,0,0,10,0,3,0.0
17,25,0,0,1,4,4,1.0
18,25,0,0,6,54,5,10.8
19,25,0,0,10,0,2,0.0
20,26,1,1,10,0,8,0.0
21,26,1,1,6,34,3,11.333333333333334
22,26,1,1,10,0,4,0.0
23,26,1,1,10,0,6,0.0
24,26,1,1,9,0,4,0.0
25,26,1,1,2,37,7,5.285714285714286
26,26,1,1,9,0,4,0.0
27,26,1,1,7,5,5,1.0
28,26,1,1,10,0,3,0.0
29,26,1,1,10,0,2,0.0
30,26,1,1,10,0,4,0.0
31,26,1,1,10,56,11,5.090909090909091
32,26,1,1,10,0,2,0.0
33,26,1,1,10,0,3,0.0
34,26,1,1,7,11,5,2.2
35,26,1,1,6,21,4,5.25
36,26,1,1,10,0,1,0.0
37,26,1,1,10,0,7,0.0
38,26,1,1,9,10,2,5.0
39,26,1,1,10,21,2,10.5
40,27,2,2,10,0,5,0.0
41,27,2,2,8,10,5,2.0
42,27,2,2,0,20,5,4.0
43,27,2,2,0,44,3,14.666666666666666
44,27,2,2,10,0,9,0.0
45,27,2,2,10,0,4,0.0
46,27,2,2,0,36,3,12.0
47,27,2,2,8,4,2,2.0
48,27,2,2,2,39,5,7.8
49,27,2,2,6,4,9,0.4444444444444444
50,27,2,2,10,0,2,0.0
51,27,2,2,2,28,2,14.0
52,27,2,2,6,35,1,35.0
53,27,2,2,10,0,2,0.0
54,27,2,2,10,0,3,0.0
55,27,2,2,10,0,4,0.0
56,27,2,2,10,0,4,0.0
57,27,2,2,10,4,3,1.3333333333333333
58,27,2,2,10,0,3,0.0
59,27,2,2,10,0,1,0.0
60,28,3,3,10,0,3,0.0
61,28,3,3,6,10,6,1.6666666666666667
62,28,3,3,2,34,6,5.666666666666667
63,28,3,3,10,0,1,0.0
64,28,3,3,10,0,5,0.0
65,28,3,3,10,0,8,0.0
66,28,3,3,10,26,6,4.333333333333333
67,28,3,3,10,0,3,0.0
68,28,3,3,2,21,3,7.0
69,28,3,3,9,15,3,5.0
70,28,3,3,10,0,7,0.0
71,28,3,3,10,0,5,0.0
72,28,3,3,8,13,1,13.0
73,28,3,3,0,31,4,7.75
74,28,3,3,10,0,3,0.0
75,28,3,3,10,0,9,0.0
76,28,3,3,10,25,4,6.25
77,28,3,3,10,0,4,0.0
78,28,3,3,10,0,4,0.0
79,28,3,3,10,36,6,6.0
80,29,4,4,10,0,4,0.0
81,29,4,4,10,0,6,0.0
82,29,4,4,10,0,7,0.0
83,29,4,4,0,55,5,11.0
84,29,4,4,10,0,4,0.0
85,29,4,4,10,0,4,0.0
86,29,4,4,10,0,3,0.0
87,29,4,4,10,0,2,0.0
88,29,4,4,10,14,7,2.0
89,29,4,4,10,0,3,0.0
90,29,4,4,10,0,5,0.0
91,29,4,4,10,0,6,0.0
92,29,4,4,0,76,4,19.0
93,29,4,4,10,0,6,0.0
94,29,4,4,10,0,6,0.0
95,29,4,4,7,5,6,0.8333333333333334
96,29,4,4,10,0,6,0.0
97,29,4,4,10,0,2,0.0
98,29,4,4,8,0,6,0.0
99,29,4,4,0,43,5,8.6
0,30,0,0,10,0,5,0.0
1,30,0,0,10,0,6,0.0
2,30,0,0,10,0,3,0.0
3,30,0,0,10,0,6,0.0
4,30,0,0,10,0,5,0.0
5,30,0,0,10,41,3,13.666666666666666
6,30,0,0,6,26,3,8.666666666666666
7,30,0,0,10,0,4,0.0
8,30,0,0,2,3,8,0.375
9,30,0,0,10,0,3,0.0
10,30,0,0,8,0,7,0.0
11,30,0,0,9,0,7,0.0
12,30,0,0,10,0,3,0.0
13,30,0,0,9,10,7,1.4285714285714286
14,30,0,0,0,38,4,9.5
15,30,0,0,10,0,7,0.0
16,30,0,0,10,0,3,0.0
17,30,0,0,0,5,4,1.25
18,30,0,0,0,46,5,9.2
19,30,0,0,10,0,2,0.0
20,31,1,1,10,0,8,0.0
21,31,1,1,6,28,3,9.333333333333334
22,31,1,1,10,0,4,0.0
23,31,1,1,10,0,6,0.0
24,31,1,1,7,0,4,0.0
25,31,1,1,10,34,7,4.857142857142857
26,31,1,1,8,2,4,0.5
27,31,1,1,10,7,5,1.4
28,31,1,1,10,0,3,0.0
29,31,1,1,10,0,2,0.0
30,31,1,1,10,0,4,0.0
31,31,1,1,6,33,11,3.0
32,31,1,1,10,0,2,0.0
33,31,1,1,10,0,3,0.0
34,31,1,1,10,16,5,3.2
35,31,1,1,2,20,4,5.0
36,31,1,1,10,0,1,0.0
37,31,1,1,9,0,7,0.0
38,31,1,1,8,11,2,5.5
39,31,1,1,10,18,2,9.0
40,32,2,2,10,0,5,0.0
41,32,2,2,8,11,5,2.2
42,32,2,2,2,24,5,4.8
43,32,2,2,10,35,3,11.666666666666666
44,32,2,2,10,0,9,0.0
45,32,2,2,10,0,4,0.0
46,32,2,2,0,41,3,13.666666666666666
47,32,2,2,8,5,2,2.5
48,32,2,2,0,44,5,8.8
49,32,2,2,10,5,9,0.5555555555555556
50,32,2,2,10,0,2,0.0
51,32,2,2,0,41,2,20.5
52,32,2,2,2,44,1,44.0
53,32,2,2,10,0,2,0.0
54,32,2,2,10,0,3,0.0
55,32,2,2,10,0,4,0.0
56,32,2,2,10,0,4,0.0
57,32,2,2,8,5,3,1.6666666666666667
58,32,2,2,10,0,3,0.0
59,32,2,2,10,0,1,0.0
60,33,3,3,10,0,3,0.0
61,33,3,3,3,6,6,1.0
62,33,3,3,10,33,6,5.5
63,33,3,3,10,0,1,0.0
64,33,3,3,10,0,5,0.0
65,33,3,3,10,0,8,0.0
66,33,3,3,10,23,6,3.8333333333333335
67,33,3,3,10,0,3,0.0
68,33,3,3,6,25,3,8.333333333333334
69,33,3,3,9,6,3,2.0
70,33,3,3,10,0,7,0.0
71,33,3,3,8,0,5,0.0
72,33,3,3,9,9,1,9.0
73,33,3,3,0,30,4,7.5
74,33,3,3,10,0,3,0.0
75,33,3,3,10,0,9,0.0
76,33,3,3,2,44,4,11.0
77,33,3,3,10,0,4,0.0
78,33,3,3,10,0,4,0.0
79,33,3,3,2,26,6,4.333333333333333
80,34,4,4,10,0,4,0.0
81,34,4,4,10,0,6,0.0
82,34,4,4,10,0,7,0.0
83,34,4,4,0,65,5,13.0
84,34,4,4,10,0,4,0.0
85,34,4,4,10,0,4,0.0
86,34,4,4,10,0,3,0.0
87,34,4,4,10,0,2,0.0
88,34,4,4,0,28,7,4.0
89,34,4,4,9,0,3,0.0
90,34,4,4,8,0,5,0.0
91,34,4,4,10,0,6,0.0
92,34,4,4,0,75,4,18.75
93,34,4,4,10,0,6,0.0
94,34,4,4,10,0,6,0.0
95,34,4,4,8,2,6,0.3333333333333333
96,34,4,4,10,0,6,0.0
97,34,4,4,10,0,2,0.0
98,34,4,4,9,1,6,0.16666666666666666
99,34,4,4,0,48,5,9.6
0,35,0,0,10,0,5,0.0
1,35,0,0,10,0,6,0.0
2,35,0,0,10,0,3,0.0
3,35,0,0,10,0,6,0.0
4,35,0,0,10,0,5,0.0
5,35,0,0,0,55,3,18.333333333333332
6,35,0,0,6,19,3,6.333333333333333
7,35,0,0,10,0,4,0.0
8,35,0,0,5,0,8,0.0
9,35,0,0,10,0,3,0.0
10,35,0,0,9,0,7,0.0
11,35,0,0,10,0,7,0.0
12,35,0,0,10,0,3,0.0
13,35,0,0,5,0,7,0.0
14,35,0,0,0,33,4,8.25
15,35,0,0,10,0,7,0.0
16,35,0,0,10,0,3,0.0
17,35,0,0,1,5,4,1.25
18,35,0,0,6,43,5,8.6
19,35,0,0,10,0,2,0.0
20,36,1,1,10,0,8,0.0
21,36,1,1,6,46,3,15.333333333333334
22,36,1,1,10,0,4,0.0
23,36,1,1,10,0,6,0.0
24,36,1,1,7,0,4,0.0
25,36,1,1,6,33,7,4.714285714285714
26,36,1,1,9,4,4,1.0
27,36,1,1,7,10,5,2.0
28,36,1,1,10,0,3,0.0
29,36,1,1,10,0,2,0.0
30,36,1,1,10,0,4,0.0
31,36,1,1,6,43,11,3.909090909090909
32,36,1,1,10,0,2,0.0
33,36,1,1,10,0,3,0.0
34,36,1,1,9,24,5,4.8
35,36,1,1,6,29,4,7.25
36,36,1,1,10,0,1,0.0
37,36,1,1,10,0,7,0.0
38,36,1,1,8,1,2,0.5
39,36,1,1,2,34,2,17.0
40,37,2,2,10,0,5,0.0
41,37,2,2,10,7,5,1.4
42,37,2,2,6,34,5,6.8
43,37,2,2,10,29,3,9.666666666666666
44,37,2,2,10,0,9,0.0
45,37,2,2,10,0,4,0.0
46,37,2,2,0,35,3,11.666666666666666
47,37,2,2,8,6,2,3.0
48,37,2,2,2,42,5,8.4
49,37,2,2,9,5,9,0.5555555555555556
50,37,2,2,10,0,2,0.0
51,37,2,2,0,32,2,16.0
52,37,2,2,6,43,1,43.0
53,37,2,2,10,0,2,0.0
54,37,2,2,10,0,3,0.0
55,37,2,2,10,0,4,0.0
56,37,2,2,10,0,4,0.0
57,37,2,2,9,0,3,0.0
58,37,2,2,10,0,3,0.0
59,37,2,2,10,0,1,0.0
60,38,3,3,10,0,3,0.0
61,38,3,3,5,7,6,1.1666666666666667
62,38,3,3,0,33,6,5.5
63,38,3,3,10,0,1,0.0
64,38,3,3,10,0,5,0.0
65,38,3,3,10,0,8,0.0
66,38,3,3,0,39,6,6.5
67,38,3,3,10,0,3,0.0
68,38,3,3,10,31,3,10.333333333333334
69,38,3,3,8,15,3,5.0
70,38,3,3,10,0,7,0.0
71,38,3,3,8,0,5,0.0
72,38,3,3,9,10,1,10.0
73,38,3,3,0,28,4,7.0
74,38,3,3,10,0,3,0.0
75,38,3,3,10,0,9,0.0
76,38,3,3,6,28,4,7.0
77,38,3,3,10,0,4,0.0
78,38,3,3,10,0,4,0.0
79,38,3,3,2,39,6,6.5
80,39,4,4,10,0,4,0.0
81,39,4,4,10,0,6,0.0
82,39,4,4,10,0,7,0.0
83,39,4,4,6,56,5,11.2
84,39,4,4,10,0,4,0.0
85,39,4,4,10,0,4,0.0
86,39,4,4,10,0,3,0.0
87,39,4,4,10,0,2,0.0
88,39,4,4,10,28,7,4.0
89,39,4,4,10,0,3,0.0
90,39,4,4,10,0,5,0.0
91,39,4,4,10,0,6,0.0
92,39,4,4,0,80,4,20.0
93,39,4,4,10,0,6,0.0
94,39,4,4,10,0,6,0.0
95,39,4,4,10,1,6,0.16666666666666666
96,39,4,4,10,0,6,0.0
97,39,4,4,10,0,2,0.0
98,39,4,4,9,0,6,0.0
99,39,4,4,2,57,5,11.4
0,40,0,0,10,0,5,0.0
1,40,0,0,10,0,6,0.0
2,40,0,0,10,0,3,0.0
3,40,0,0,10,0,6,0.0
4,40,0,0,10,0,5,0.0
5,40,0,0,2,51,3,17.0
6,40,0,0,10,25,3,8.333333333333334
7,40,0,0,10,0,4,0.0
8,40,0,0,4,1,8,0.125
9,40,0,0,10,0,3,0.0
10,40,0,0,10,0,7,0.0
11,40,0,0,9,0,7,0.0
12,40,0,0,10,0,3,0.0
13,40,0,0,8,5,7,0.7142857142857143
14,40,0,0,0,48,4,12.0
15,40,0,0,10,0,7,0.0
16,40,0,0,10,0,3,0.0
17,40,0,0,2,3,4,0.75
18,40,0,0,10,40,5,8.0
19,40,0,0,10,0,2,0.0
20,41,1,1,10,0,8,0.0
21,41,1,1,10,33,3,11.0
22,41,1,1,10,0,4,0.0
23,41,1,1,10,0,6,0.0
24,41,1,1,8,0,4,0.0
25,41,1,1,6,30,7,4.285714285714286
26,41,1,1,10,0,4,0.0
27,41,1,1,8,10,5,2.0
28,41,1,1,10,0,3,0.0
29,41,1,1,10,0,2,0.0
30,41,1,1,10,0,4,0.0
31,41,1,1,10,60,11,5.454545454545454
32,41,1,1,10,0,2,0.0
33,41,1,1,10,0,3,0.0
34,41,1,1,9,15,5,3.0
35,41,1,1,6,34,4,8.5
36,41,1,1,10,0,1,0.0
37,41,1,1,9,0,7,0.0
38,41,1,1,3,4,2,2.0
39,41,1,1,10,15,2,7.5
40,42,2,2,10,0,5,0.0
41,42,2,2,9,8,5,1.6
42,42,2,2,2,27,5,5.4
43,42,2,2,6,34,3,11.333333333333334
44,42,2,2,10,0,9,0.0
45,42,2,2,10,0,4,0.0
46,42,2,2,0,51,3,17.0
47,42,2,2,10,6,2,3.0
48,42,2,2,6,34,5,6.8
49,42,2,2,7,3,9,0.3333333333333333
50,42,2,2,10,0,2,0.0
51,42,2,2,6,26,2,13.0
52,42,2,2,6,48,1,48.0
53,42,2,2,10,0,2,0.0
54,42,2,2,10,0,3,0.0
55,42,2,2,10,0,4,0.0
56,42,2,2,10,0,4,0.0
57,42,2,2,10,2,3,0.6666666666666666
58,42,2,2,10,0,3,0.0
59,42,2,2,10,0,1,0.0
60,43,3,3,10,0,3,0.0
61,43,3,3,7,5,6,0.8333333333333334
62,43,3,3,6,37,6,6.166666666666667
63,43,3,3,10,0,1,0.0
64,43,3,3,10,0,5,0.0
65,43,3,3,10,0,8,0.0
66,43,3,3,6,31,6,5.166666666666667
67,43,3,3,10,0,3,0.0
68,43,3,3,6,39,3,13.0
69,43,3,3,6,11,3,3.6666666666666665
70,43,3,3,10,0,7,0.0
71,43,3,3,8,0,5,0.0
72,43,3,3,7,0,1,0.0
73,43,3,3,6,10,4,2.5
74,43,3,3,10,0,3,0.0
75,43,3,3,10,0,9,0.0
76,43,3,3,10,23,4,5.75
77,43,3,3,10,0,4,0.0
78,43,3,3,10,0,4,0.0
79,43,3,3,2,36,6,6.0
80,44,4,4,10,0,4,0.0
81,44,4,4,10,0,6,0.0
82,44,4,4,10,0,7,0.0
83,44,4,4,0,61,5,12.2
84,44,4,4,10,0,4,0.0
85,44,4,4,10,0,4,0.0
86,44,4,4,10,0,3,0.0
87,44,4,4,10,0,2,0.0
88,44,4,4,6,21,7,3.0
89,44,4,4,10,0,3,0.0
90,44,4,4,10,0,5,0.0
91,44,4,4,10,0,6,0.0
92,44,4,4,0,80,4,20.0
93,44,4,4,10,0,6,0.0
94,44,4,4,10,0,6,0.0
95,44,4,4,9,0,6,0.0
96,44,4,4,10,0,6,0.0
97,44,4,4,10,0,2,0.0
98,44,4,4,7,2,6,0.3333333333333333
99,44,4,4,0,53,5,10.6
0,45,0,0,10,0,5,0.0
1,45,0,0,10,0,6,0.0
2,45,0,0,10,0,3,0.0
3,45,0,0,10,0,6,0.0
4,45,0,0,10,0,5,0.0
5,45,0,0,2,41,3,13.666666666666666
6,45,0,0,6,31,3,10.333333333333334
7,45,0,0,10,0,4,0.0
8,45,0,0,6,1,8,0.125
9,45,0,0,10,0,3,0.0
10,45,0,0,9,0,7,0.0
11,45,0,0,8,0,7,0.0
12,45,0,0,10,0,3,0.0
13,45,0,0,6,5,7,0.7142857142857143
14,45,0,0,2,43,4,10.75
15,45,0,0,10,0,7,0.0
16,45,0,0,10,0,3,0.0
17,45,0,0,0,5,4,1.25
18,45,0,0,2,52,5,10.4
19,45,0,0,10,0,2,0.0
20,46,1,1,10,0,8,0.0
21,46,1,1,6,40,3,13.333333333333334
22,46,1,1,10,0,4,0.0
23,46,1,1,10,0,6,0.0
24,46,1,1,10,0,4,0.0
25,46,1,1,2,28,7,4.0
26,46,1,1,9,10,4,2.5
27,46,1,1,9,3,5,0.6
28,46,1,1,10,0,3,0.0
29,46,1,1,10,0,2,0.0
30,46,1,1,10,0,4,0.0
31,46,1,1,10,46,11,4.181818181818182
32,46,1,1,10,0,2,0.0
33,46,1,1,10,0,3,0.0
34,46,1,1,8,20,5,4.0
35,46,1,1,0,44,4,11.0
36,46,1,1,10,0,1,0.0
37,46,1,1,9,0,7,0.0
38,46,1,1,9,10,2,5.0
39,46,1,1,10,13,2,6.5
40,47,2,2,10,0,5,0.0
41,47,2,2,9,7,5,1.4
42,47,2,2,0,29,5,5.8
43,47,2,2,2,31,3,10.333333333333334
44,47,2,2,10,0,9,0.0
45,47,2,2,10,0,4,0.0
46,47,2,2,0,34,3,11.333333333333334
47,47,2,2,9,7,2,3.5
48,47,2,2,10,33,5,6.6
49,47,2,2,10,10,9,1.1111111111111112
50,47,2,2,10,0,2,0.0
51,47,2,2,0,50,2,25.0
52,47,2,2,2,46,1,46.0
53,47,2,2,10,0,2,0.0
54,47,2,2,10,0,3,0.0
55,47,2,2,10,0,4,0.0
56,47,2,2,10,0,4,0.0
57,47,2,2,8,4,3,1.3333333333333333
58,47,2,2,10,0,3,0.0
59,47,2,2,10,0,1,0.0
60,48,3,3,10,0,3,0.0
61,48,3,3,7,16,6,2.6666666666666665
62,48,3,3,0,44,6,7.333333333333333
63,48,3,3,10,0,1,0.0
64,48,3,3,10,0,5,0.0
65,48,3,3,10,0,8,0.0
66,48,3,3,2,36,6,6.0
67,48,3,3,10,0,3,0.0
68,48,3,3,0,21,3,7.0
69,48,3,3,9,14,3,4.666666666666667
70,48,3,3,10,0,7,0.0
71,48,3,3,10,0,5,0.0
72,48,3,3,10,1,1,1.0
73,48,3,3,0,26,4,6.5
74,48,3,3,10,0,3,0.0
75,48,3,3,10,0,9,0.0
76,48,3,3,6,29,4,7.25
77,48,3,3,10,0,4,0.0
78,48,3,3,10,0,4,0.0
79,48,3,3,6,36,6,6.0
80,49,4,4,10,0,4,0.0
81,49,4,4,10,0,6,0.0
82,49,4,4,10,0,7,0.0
83,49,4,4,2,63,5,12.6
84,49,4,4,10,0,4,0.0
85,49,4,4,10,0,4,0.0
86,49,4,4,10,0,3,0.0
87,49,4,4,10,0,2,0.0
88,49,4,4,10,10,7,1.4285714285714286
89,49,4,4,8,0,3,0.0
90,49,4,4,10,0,5,0.0
91,49,4,4,10,0,6,0.0
92,49,4,4,2,62,4,15.5
93,49,4,4,10,0,6,0.0
94,49,4,4,10,0,6,0.0
95,49,4,4,10,5,6,0.8333333333333334
96,49,4,4,10,0,6,0.0
97,49,4,4,10,0,2,0.0
98,49,4,4,9,0,6,0.0
99,49,4,4,0,56,5,11.2
0,50,0,0,10,0,5,0.0
1,50,0,0,10,0,6,0.0
2,50,0,0,10,0,3,0.0
3,50,0,0,10,0,6,0.0
4,50,0,0,10,0,5,0.0
5,50,0,0,6,48,3,16.0
6,50,0,0,10,25,3,8.333333333333334
7,50,0,0,10,0,4,0.0
8,50,0,0,4,1,8,0.125
9,50,0,0,10,0,3,0.0
10,50,0,0,9,0,7,0.0
11,50,0,0,10,0,7,0.0
12,50,0,0,10,0,3,0.0
13,50,0,0,0,13,7,1.8571428571428572
14,50,0,0,0,63,4,15.75
15,50,0,0,10,0,7,0.0
16,50,0,0,10,0,3,0.0
17,50,0,0,0,11,4,2.75
18,50,0,0,6,38,5,7.6
19,50,0,0,10,0,2,0.0
20,51,1,1,10,0,8,0.0
21,51,1,1,6,38,3,12.666666666666666
22,51,1,1,10,0,4,0.0
23,51,1,1,10,0,6,0.0
24,51,1,1,9,0,4,0.0
25,51,1,1,2,42,7,6.0
26,51,1,1,7,8,4,2.0
27,51,1,1,9,2,5,0.4
28,51,1,1,10,0,3,0.0
29,51,1,1,10,0,2,0.0
30,51,1,1,10,0,4,0.0
31,51,1,1,6,48,11,4.363636363636363
32,51,1,1,10,0,2,0.0
33,51,1,1,10,0,3,0.0
34,51,1,1,10,19,5,3.8
35,51,1,1,2,28,4,7.0
36,51,1,1,10,0,1,0.0
37,51,1,1,9,0,7,0.0
38,51,1,1,7,5,2,2.5
39,51,1,1,2,18,2,9.0
40,52,2,2,10,0,5,0.0
41,52,2,2,8,10,5,2.0
42,52,2,2,2,34,5,6.8
43,52,2,2,2,42,3,14.0
44,52,2,2,10,0,9,0.0
45,52,2,2,10,0,4,0.0
46,52,2,2,0,40,3,13.333333333333334
47,52,2,2,9,6,2,3.0
48,52,2,2,6,42,5,8.4
49,52,2,2,10,0,9,0.0
50,52,2,2,10,0,2,0.0
51,52,2,2,0,45,2,22.5
52,52,2,2,2,48,1,48.0
53,52,2,2,10,0,2,0.0
54,52,2,2,10,0,3,0.0
55,52,2,2,10,0,4,0.0
56,52,2,2,10,0,4,0.0
57,52,2,2,10,0,3,0.0
58,52,2,2,10,0,3,0.0
59,52,2,2,10,0,1,0.0
60,53,3,3,10,0,3,0.0
61,53,3,3,7,0,6,0.0
62,53,3,3,6,50,6,8.333333333333334
63,53,3,3,10,0,1,0.0
64,53,3,3,10,0,5,0.0
65,53,3,3,10,0,8,0.0
66,53,3,3,6,29,6,4.833333333333333
67,53,3,3,10,0,3,0.0
68,53,3,3,2,33,3,11.0
69,53,3,3,10,3,3,1.0
70,53,3,3,10,0,7,0.0
71,53,3,3,9,0,5,0.0
72,53,3,3,8,0,1,0.0
73,53,3,3,0,21,4,5.25
74,53,3,3,10,0,3,0.0
75,53,3,3,10,0,9,0.0
76,53,3,3,0,33,4,8.25
77,53,3,3,10,0,4,0.0
78,53,3,3,10,0,4,0.0
79,53,3,3,2,32,6,5.333333333333333
80,54,4,4,10,0,4,0.0
81,54,4,4,10,0,6,0.0
82,54,4,4,10,0,7,0.0
83,54,4,4,0,64,5,12.8
84,54,4,4,9,0,4,0.0
85,54,4,4,10,0,4,0.0
86,54,4,4,10,0,3,0.0
87,54,4,4,10,0,2,0.0
88,54,4,4,2,34,7,4.857142857142857
89,54,4,4,10,0,3,0.0
90,54,4,4,9,0,5,0.0
91,54,4,4,10,0,6,0.0
92,54,4,4,0,68,4,17.0
93,54,4,4,10,0,6,0.0
94,54,4,4,10,0,6,0.0
95,54,4,4,8,2,6,0.3333333333333333
96,54,4,4,10,0,6,0.0
97,54,4,4,10,0,2,0.0
98,54,4,4,7,1,6,0.16666666666666666
99,54,4,4,0,53,5,10.6
0,55,0,0,10,0,5,0.0
1,55,0,0,10,0,6,0.0
2,55,0,0,10,0,3,0.0
3,55,0,0,10,0,6,0.0
4,55,0,0,10,0,5,0.0
5,55,0,0,6,45,3,15.0
6,55,0,0,2,38,3,12.666666666666666
7,55,0,0,10,0,4,0.0
8,55,0,0,7,0,8,0.0
9,55,0,0,10,0,3,0.0
10,55,0,0,9,0,7,0.0
11,55,0,0,10,0,7,0.0
12,55,0,0,10,0,3,0.0
13,55,0,0,4,10,7,1.4285714285714286
14,55,0,0,0,46,4,11.5
15,55,0,0,10,0,7,0.0
16,55,0,0,10,0,3,0.0
17,55,0,0,2,3,4,0.75
18,55,0,0,6,43,5,8.6
19,55,0,0,10,0,2,0.0
20,56,1,1,10,0,8,0.0
21,56,1,1,2,29,3,9.666666666666666
22,56,1,1,10,0,4,0.0
23,56,1,1,10,0,6,0.0
24,56,1,1,9,0,4,0.0
25,56,1,1,0,33,7,4.714285714285714
26,56,1,1,8,0,4,0.0
27,56,1,1,7,8,5,1.6
28,56,1,1,10,0,3,0.0
29,56,1,1,10,0,2,0.0
30,56,1,1,10,0,4,0.0
31,56,1,1,6,50,11,4.545454545454546
32,56,1,1,10,0,2,0.0
33,56,1,1,10,0,3,0.0
34,56,1,1,8,14,5,2.8
35,56,1,1,2,46,4,11.5
36,56,1,1,10,0,1,0.0
37,56,1,1,8,0,7,0.0
38,56,1,1,9,0,2,0.0
39,56,1,1,10,23,2,11.5
40,57,2,2,10,0,5,0.0
41,57,2,2,9,14,5,2.8
42,57,2,2,10,27,5,5.4
43,57,2,2,2,34,3,11.333333333333334
44,57,2,2,10,0,9,0.0
45,57,2,2,10,0,4,0.0
46,57,2,2,0,24,3,8.0
47,57,2,2,8,10,2,5.0
48,57,2,2,0,48,5,9.6
49,57,2,2,9,1,9,0.1111111111111111
50,57,2,2,10,0,2,0.0
51,57,2,2,0,48,2,24.0
52,57,2,2,2,46,1,46.0
53,57,2,2,10,0,2,0.0
54,57,2,2,10,0,3,0.0
55,57,2,2,10,0,4,0.0
56,57,2,2,10,0,4,0.0
57,57,2,2,9,5,3,1.6666666666666667
58,57,2,2,10,0,3,0.0
59,57,2,2,10,0,1,0.0
60,58,3,3,10,0,3,0.0
61,58,3,3,7,10,6,1.6666666666666667
62,58,3,3,2,44,6,7.333333333333333
63,58,3,3,10,0,1,0.0
64,58,3,3,10,0,5,0.0
65,58,3,3,10,0,8,0.0
66,58,3,3,6,30,6,5.0
67,58,3,3,10,0,3,0.0
68,58,3,3,6,29,3,9.666666666666666
69,58,3,3,7,9,3,3.0
70,58,3,3,10,0,7,0.0
71,58,3,3,8,0,5,0.0
72,58,3,3,10,3,1,3.0
73,58,3,3,0,31,4,7.75
74,58,3,3,10,0,3,0.0
75,58,3,3,10,0,9,0.0
76,58,3,3,0,20,4,5.0
77,58,3,3,10,0,4,0.0
78,58,3,3,10,0,4,0.0
79,58,3,3,0,45,6,7.5
80,59,4,4,10,0,4,0.0
81,59,4,4,10,0,6,0.0
82,59,4,4,10,0,7,0.0
83,59,4,4,0,63,5,12.6
84,59,4,4,10,0,4,0.0
85,59,4,4,10,0,4,0.0
86,59,4,4,10,0,3,0.0
87,59,4,4,10,0,2,0.0
88,59,4,4,6,31,7,4.428571428571429
89,59,4,4,8,0,3,0.0
90,59,4,4,8,0,5,0.0
91,59,4,4,10,0,6,0.0
92,59,4,4,0,71,4,17.75
93,59,4,4,10,0,6,0.0
94,59,4,4,10,0,6,0.0
95,59,4,4,7,2,6,0.3333333333333333
96,59,4,4,10,0,6,0.0
97,59,4,4,10,0,2,0.0
98,59,4,4,9,0,6,0.0
99,59,4,4,2,48,5,9.6
0,60,0,0,10,0,5,0.0
1,60,0,0,10,0,6,0.0
2,60,0,0,10,0,3,0.0
3,60,0,0,10,0,6,0.0
4,60,0,0,10,0,5,0.0
5,60,0,0,6,46,3,15.333333333333334
6,60,0,0,2,38,3,12.666666666666666
7,60,0,0,10,0,4,0.0
8,60,0,0,5,0,8,0.0
9,60,0,0,10,0,3,0.0
10,60,0,0,9,0,7,0.0
11,60,0,0,9,0,7,0.0
12,60,0,0,10,0,3,0.0
13,60,0,0,7,14,7,2.0
14,60,0,0,0,54,4,13.5
15,60,0,0,10,0,7,0.0
16,60,0,0,10,0,3,0.0
17,60,0,0,0,5,4,1.25
18,60,0,0,0,53,5,10.6
19,60,0,0,10,0,2,0.0
20,61,1,1,10,0,8,0.0
21,61,1,1,6,36,3,12.0
22,61,1,1,10,0,4,0.0
23,61,1,1,10,0,6,0.0
24,61,1,1,9,0,4,0.0
25,61,1,1,6,27,7,3.857142857142857
26,61,1,1,8,5,4,1.25
27,61,1,1,10,7,5,1.4
28,61,1,1,10,0,3,0.0
29,61,1,1,10,0,2,0.0
30,61,1,1,10,0,4,0.0
31,61,1,1,6,61,11,5.545454545454546
32,61,1,1,10,0,2,0.0
33,61,1,1,10,0,3,0.0
34,61,1,1,8,19,5,3.8
35,61,1,1,6,43,4,10.75
36,61,1,1,10,0,1,0.0
37,61,1,1,10,0,7,0.0
38,61,1,1,8,4,2,2.0
39,61,1,1,6,29,2,14.5
40,62,2,2,10,0,5,0.0
41,62,2,2,9,16,5,3.2
42,62,2,2,6,29,5,5.8
43,62,2,2,2,34,3,11.333333333333334
44,62,2,2,10,0,9,0.0
45,62,2,2,10,0,4,0.0
46,62,2,2,0,26,3,8.666666666666666
47,62,2,2,9,9,2,4.5
48,62,2,2,2,41,5,8.2
49,62,2,2,8,3,9,0.3333333333333333
50,62,2,2,10,0,2,0.0
51,62,2,2,0,40,2,20.0
52,62,2,2,0,49,1,49.0
53,62,2,2,10,0,2,0.0
54,62,2,2,10,0,3,0.0
55,62,2,2,10,0,4,0.0
56,62,2,2,10,0,4,0.0
57,62,2,2,8,1,3,0.3333333333333333
58,62,2,2,10,0,3,0.0
59,62,2,2,10,0,1,0.0
60,63,3,3,10,0,3,0.0
61,63,3,3,5,3,6,0.5
62,63,3,3,10,36,6,6.0
63,63,3,3,10,0,1,0.0
64,63,3,3,10,0,5,0.0
65,63,3,3,10,0,8,0.0
66,63,3,3,10,45,6,7.5
67,63,3,3,10,0,3,0.0
68,63,3,3,6,18,3,6.0
69,63,3,3,10,14,3,4.666666666666667
70,63,3,3,10,0,7,0.0
71,63,3,3,10,0,5,0.0
72,63,3,3,9,4,1,4.0
73,63,3,3,0,20,4,5.0
74,63,3,3,10,0,3,0.0
75,63,3,3,10,0,9,0.0
76,63,3,3,2,24,4,6.0
77,63,3,3,10,0,4,0.0
78,63,3,3,10,0,4,0.0
79,63,3,3,6,23,6,3.8333333333333335
80,64,4,4,10,0,4,0.0
81,64,4,4,10,0,6,0.0
82,64,4,4,10,0,7,0.0
83,64,4,4,0,61,5,12.2
84,64,4,4,10,0,4,0.0
85,64,4,4,10,0,4,0.0
86,64,4,4,10,0,3,0.0
87,64,4,4,10,0,2,0.0
88,64,4,4,6,21,7,3.0
89,64,4,4,10,0,3,0.0
90,64,4,4,10,1,5,0.2
91,64,4,4,10,0,6,0.0
92,64,4,4,0,66,4,16.5
93,64,4,4,10,0,6,0.0
94,64,4,4,10,0,6,0.0
95,64,4,4,10,5,6,0.8333333333333334
96,64,4,4,10,0,6,0.0
97,64,4,4,10,0,2,0.0
98,64,4,4,8,0,6,0.0
99,64,4,4,0,53,5,10.6
0,65,0,0,10,0,5,0.0
1,65,0,0,10,0,6,0.0
2,65,0,0,10,0,3,0.0
3,65,0,0,10,0,6,0.0
4,65,0,0,10,0,5,0.0
5,65,0,0,6,48,3,16.0
6,65,0,0,10,30,3,10.0
7,65,0,0,10,0,4,0.0
8,65,0,0,5,1,8,0.125
9,65,0,0,10,0,3,0.0
10,65,0,0,9,0,7,0.0
11,65,0,0,8,0,7,0.0
12,65,0,0,10,0,3,0.0
13,65,0,0,4,13,7,1.8571428571428572
14,65,0,0,0,39,4,9.75
15,65,0,0,10,0,7,0.0
16,65,0,0,10,0,3,0.0
17,65,0,0,6,1,4,0.25
18,65,0,0,2,43,5,8.6
19,65,0,0,10,0,2,0.0
20,66,1,1,10,0,8,0.0
21,66,1,1,2,36,3,12.0
22,66,1,1,10,0,4,0.0
23,66,1,1,10,0,6,0.0
24,66,1,1,8,0,4,0.0
25,66,1,1,0,41,7,5.857142857142857
26,66,1,1,10,1,4,0.25
27,66,1,1,8,8,5,1.6
28,66,1,1,10,0,3,0.0
29,66,1,1,10,0,2,0.0
30,66,1,1,10,0,4,0.0
31,66,1,1,2,50,11,4.545454545454546
32,66,1,1,10,0,2,0.0
33,66,1,1,10,0,3,0.0
34,66,1,1,9,26,5,5.2
35,66,1,1,2,34,4,8.5
36,66,1,1,10,0,1,0.0
37,66,1,1,9,0,7,0.0
38,66,1,1,5,4,2,2.0
39,66,1,1,0,28,2,14.0
40,67,2,2,10,0,5,0.0
41,67,2,2,9,1,5,0.2
42,67,2,2,6,39,5,7.8
43,67,2,2,6,16,3,5.333333333333333
44,67,2,2,10,0,9,0.0
45,67,2,2,10,0,4,0.0
46,67,2,2,0,35,3,11.666666666666666
47,67,2,2,6,12,2,6.0
48,67,2,2,0,58,5,11.6
49,67,2,2,7,1,9,0.1111111111111111
50,67,2,2,10,0,2,0.0
51,67,2,2,0,35,2,17.5
52,67,2,2,0,56,1,56.0
53,67,2,2,10,0,2,0.0
54,67,2,2,10,0,3,0.0
55,67,2,2,10,0,4,0.0
56,67,2,2,10,0,4,0.0
57,67,2,2,10,1,3,0.3333333333333333
58,67,2,2,10,0,3,0.0
59,67,2,2,10,0,1,0.0
60,68,3,3,10,0,3,0.0
61,68,3,3,5,5,6,0.8333333333333334
62,68,3,3,10,33,6,5.5
63,68,3,3,10,0,1,0.0
64,68,3,3,10,0,5,0.0
65,68,3,3,10,0,8,0.0
66,68,3,3,6,39,6,6.5
67,68,3,3,10,0,3,0.0
68,68,3,3,10,25,3,8.333333333333334
69,68,3,3,9,17,3,5.666666666666667
70,68,3,3,10,0,7,0.0
71,68,3,3,8,0,5,0.0
72,68,3,3,7,5,1,5.0
73,68,3,3,0,29,4,7.25
74,68,3,3,10,0,3,0.0
75,68,3,3,10,0,9,0.0
76,68,3,3,6,31,4,7.75
77,68,3,3,10,0,4,0.0
78,68,3,3,10,0,4,0.0
79,68,3,3,10,21,6,3.5
80,69,4,4,10,0,4,0.0
81,69,4,4,10,0,6,0.0
82,69,4,4,10,0,7,0.0
83,69,4,4,0,70,5,14.0
84,69,4,4,10,0,4,0.0
85,69,4,4,10,0,4,0.0
86,69,4,4,10,0,3,0.0
87,69,4,4,10,0,2,0.0
88,69,4,4,10,15,7,2.142857142857143
89,69,4,4,6,0,3,0.0
90,69,4,4,9,0,5,0.0
91,69,4,4,10,0,6,0.0
92,69,4,4,6,53,4,13.25
93,69,4,4,10,0,6,0.0
94,69,4,4,10,0,6,0.0
95,69,4,4,8,5,6,0.8333333333333334
96,69,4,4,10,0,6,0.0
97,69,4,4,10,0,2,0.0
98,69,4,4,8,0,6,0.0
99,69,4,4,0,68,5,13.6
0,70,0,0,10,0,5,0.0
1,70,0,0,10,0,6,0.0
2,70,0,0,10,0,3,0.0
3,70,0,0,10,0,6,0.0
4,70,0,0,10,0,5,0.0
5,70,0,0,0,37,3,12.333333333333334
6,70,0,0,6,29,3,9.666666666666666
7,70,0,0,10,0,4,0.0
8,70,0,0,4,1,8,0.125
9,70,0,0,10,0,3,0.0
10,70,0,0,9,0,7,0.0
11,70,0,0,10,0,7,0.0
12,70,0,0,10,0,3,0.0
13,70,0,0,5,1,7,0.14285714285714285
14,70,0,0,0,44,4,11.0
15,70,0,0,10,0,7,0.0
16,70,0,0,10,0,3,0.0
17,70,0,0,2,3,4,0.75
18,70,0,0,6,51,5,10.2
19,70,0,0,10,0,2,0.0
20,71,1,1,10,0,8,0.0
21,71,1,1,2,30,3,10.0
22,71,1,1,10,0,4,0.0
23,71,1,1,10,0,6,0.0
24,71,1,1,7,0,4,0.0
25,71,1,1,6,31,7,4.428571428571429
26,71,1,1,8,5,4,1.25
27,71,1,1,10,10,5,2.0
28,71,1,1,10,0,3,0.0
29,71,1,1,10,0,2,0.0
30,71,1,1,10,0,4,0.0
31,71,1,1,0,60,11,5.454545454545454
32,71,1,1,10,0,2,0.0
33,71,1,1,10,0,3,0.0
34,71,1,1,10,14,5,2.8
35,71,1,1,10,29,4,7.25
36,71,1,1,10,0,1,0.0
37,71,1,1,9,0,7,0.0
38,71,1,1,7,10,2,5.0
39,71,1,1,6,21,2,10.5
40,72,2,2,10,0,5,0.0
41,72,2,2,10,6,5,1.2
42,72,2,2,0,25,5,5.0
43,72,2,2,0,24,3,8.0
44,72,2,2,10,0,9,0.0
45,72,2,2,10,0,4,0.0
46,72,2,2,0,33,3,11.0
47,72,2,2,9,10,2,5.0
48,72,2,2,0,53,5,10.6
49,72,2,2,10,0,9,0.0
50,72,2,2,10,0,2,0.0
51,72,2,2,0,45,2,22.5
52,72,2,2,2,51,1,51.0
53,72,2,2,10,0,2,0.0
54,72,2,2,10,0,3,0.0
55,72,2,2,10,0,4,0.0
56,72,2,2,10,0,4,0.0
57,72,2,2,9,0,3,0.0
58,72,2,2,10,0,3,0.0
59,72,2,2,10,0,1,0.0
60,73,3,3,10,0,3,0.0
61,73,3,3,6,2,6,0.3333333333333333
62,73,3,3,6,27,6,4.5
63,73,3,3,10,0,1,0.0
64,73,3,3,10,0,5,0.0
65,73,3,3,10,0,8,0.0
66,73,3,3,6,40,6,6.666666666666667
67,73,3,3,10,0,3,0.0
68,73,3,3,6,37,3,12.333333333333334
69,73,3,3,8,11,3,3.6666666666666665
70,73,3,3,10,0,7,0.0
71,73,3,3,9,0,5,0.0
72,73,3,3,10,3,1,3.0
73,73,3,3,2,14,4,3.5
74,73,3,3,10,0,3,0.0
75,73,3,3,10,0,9,0.0
76,73,3,3,10,23,4,5.75
77,73,3,3,10,0,4,0.0
78,73,3,3,10,0,4,0.0
79,73,3,3,6,21,6,3.5
80,74,4,4,10,0,4,0.0
81,74,4,4,10,0,6,0.0
82,74,4,4,10,0,7,0.0
83,74,4,4,2,54,5,10.8
84,74,4,4,10,0,4,0.0
85,74,4,4,10,0,4,0.0
86,74,4,4,10,0,3,0.0
87,74,4,4,10,0,2,0.0
88,74,4,4,2,26,7,3.7142857142857144
89,74,4,4,9,0,3,0.0
90,74,4,4,8,0,5,0.0
91,74,4,4,10,0,6,0.0
92,74,4,4,0,73,4,18.25
93,74,4,4,10,0,6,0.0
94,74,4,4,10,0,6,0.0
95,74,4,4,8,0,6,0.0
96,74,4,4,10,0,6,0.0
97,74,4,4,10,0,2,0.0
98,74,4,4,9,1,6,0.16666666666666666
99,74,4,4,0,66,5,13.2
0,75,0,0,10,0,5,0.0
1,75,0,0,10,0,6,0.0
2,75,0,0,10,0,3,0.0
3,75,0,0,10,0,6,0.0
4,75,0,0,10,0,5,0.0
5,75,0,0,10,43,3,14.333333333333334
6,75,0,0,2,32,3,10.666666666666666
7,75,0,0,10,0,4,0.0
8,75,0,0,7,1,8,0.125
9,75,0,0,10,0,3,0.0
10,75,0,0,9,0,7,0.0
11,75,0,0,9,0,7,0.0
12,75,0,0,10,0,3,0.0
13,75,0,0,6,9,7,1.2857142857142858
14,75,0,0,0,50,4,12.5
15,75,0,0,10,0,7,0.0
16,75,0,0,10,0,3,0.0
17,75,0,0,4,1,4,0.25
18,75,0,0,0,53,5,10.6
19,75,0,0,10,0,2,0.0
20,76,1,1,10,0,8,0.0
21,76,1,1,0,35,3,11.666666666666666
22,76,1,1,10,0,4,0.0
23,76,1,1,10,0,6,0.0
24,76,1,1,8,0,4,0.0
25,76,1,1,6,33,7,4.714285714285714
26,76,1,1,10,5,4,1.25
27,76,1,1,8,7,5,1.4
28,76,1,1,10,0,3,0.0
29,76,1,1,10,0,2,0.0
30,76,1,1,10,0,4,0.0
31,76,1,1,0,64,11,5.818181818181818
32,76,1,1,10,0,2,0.0
33,76,1,1,10,0,3,0.0
34,76,1,1,10,18,5,3.6
35,76,1,1,6,23,4,5.75
36,76,1,1,10,0,1,0.0
37,76,1,1,9,0,7,0.0
38,76,1,1,8,6,2,3.0
39,76,1,1,6,29,2,14.5
40,77,2,2,10,0,5,0.0
41,77,2,2,6,10,5,2.0
42,77,2,2,10,31,5,6.2
43,77,2,2,10,23,3,7.666666666666667
44,77,2,2,10,0,9,0.0
45,77,2,2,10,0,4,0.0
46,77,2,2,0,35,3,11.666666666666666
47,77,2,2,8,6,2,3.0
48,77,2,2,2,56,5,11.2
49,77,2,2,8,1,9,0.1111111111111111
50,77,2,2,10,0,2,0.0
51,77,2,2,0,39,2,19.5
52,77,2,2,2,46,1,46.0
53,77,2,2,10,0,2,0.0
54,77,2,2,10,0,3,0.0
55,77,2,2,10,0,4,0.0
56,77,2,2,10,0,4,0.0
57,77,2,2,10,8,3,2.6666666666666665
58,77,2,2,10,0,3,0.0
59,77,2,2,10,0,1,0.0
60,78,3,3,10,0,3,0.0
61,78,3,3,3,3,6,0.5
62,78,3,3,6,33,6,5.5
63,78,3,3,10,0,1,0.0
64,78,3,3,10,0,5,0.0
65,78,3,3,10,0,8,0.0
66,78,3,3,6,36,6,6.0
67,78,3,3,10,0,3,0.0
68,78,3,3,6,29,3,9.666666666666666
69,78,3,3,9,4,3,1.3333333333333333
70,78,3,3,10,0,7,0.0
71,78,3,3,10,0,5,0.0
72,78,3,3,9,7,1,7.0
73,78,3,3,0,26,4,6.5
74,78,3,3,10,0,3,0.0
75,78,3,3,10,0,9,0.0
76,78,3,3,0,41,4,10.25
77,78,3,3,10,0,4,0.0
78,78,3,3,10,0,4,0.0
79,78,3,3,2,32,6,5.333333333333333
80,79,4,4,10,0,4,0.0
81,79,4,4,10,0,6,0.0
82,79,4,4,10,0,7,0.0
83,79,4,4,0,58,5,11.6
84,79,4,4,10,0,4,0.0
85,79,4,4,10,0,4,0.0
86,79,4,4,10,0,3,0.0
87,79,4,4,10,0,2,0.0
88,79,4,4,2,27,7,3.857142857142857
89,79,4,4,9,0,3,0.0
90,79,4,4,10,1,5,0.2
91,79,4,4,10,0,6,0.0
92,79,4,4,0,75,4,18.75
93,79,4,4,10,0,6,0.0
94,79,4,4,10,0,6,0.0
95,79,4,4,10,0,6,0.0
96,79,4,4,10,0,6,0.0
97,79,4,4,10,0,2,0.0
98,79,4,4,8,0,6,0.0
99,79,4,4,0,58,5,11.6
0,80,0,0,10,0,5,0.0
1,80,0,0,10,0,6,0.0
2,80,0,0,10,0,3,0.0
3,80,0,0,10,0,6,0.0
4,80,0,0,10,0,5,0.0
5,80,0,0,6,50,3,16.666666666666668
6,80,0,0,0,34,3,11.333333333333334
7,80,0,0,10,0,4,0.0
8,80,0,0,5,1,8,0.125
9,80,0,0,10,0,3,0.0
10,80,0,0,8,0,7,0.0
11,80,0,0,9,0,7,0.0
12,80,0,0,10,0,3,0.0
13,80,0,0,6,15,7,2.142857142857143
14,80,0,0,0,56,4,14.0
15,80,0,0,10,0,7,0.0
16,80,0,0,10,0,3,0.0
17,80,0,0,0,5,4,1.25
18,80,0,0,2,36,5,7.2
19,80,0,0,10,0,2,0.0
20,81,1,1,10,0,8,0.0
21,81,1,1,6,29,3,9.666666666666666
22,81,1,1,10,0,4,0.0
23,81,1,1,10,0,6,0.0
24,81,1,1,10,0,4,0.0
25,81,1,1,6,41,7,5.857142857142857
26,81,1,1,9,0,4,0.0
27,81,1,1,7,7,5,1.4
28,81,1,1,10,0,3,0.0
29,81,1,1,10,0,2,0.0
30,81,1,1,10,0,4,0.0
31,81,1,1,6,53,11,4.818181818181818
32,81,1,1,10,0,2,0.0
33,81,1,1,10,0,3,0.0
34,81,1,1,8,20,5,4.0
35,81,1,1,6,26,4,6.5
36,81,1,1,10,0,1,0.0
37,81,1,1,10,0,7,0.0
38,81,1,1,9,5,2,2.5
39,81,1,1,2,21,2,10.5
40,82,2,2,10,0,5,0.0
41,82,2,2,6,10,5,2.0
42,82,2,2,2,34,5,6.8
43,82,2,2,0,38,3,12.666666666666666
44,82,2,2,10,0,9,0.0
45,82,2,2,10,0,4,0.0
46,82,2,2,0,38,3,12.666666666666666
47,82,2,2,8,10,2,5.0
48,82,2,2,6,51,5,10.2
49,82,2,2,9,1,9,0.1111111111111111
50,82,2,2,10,0,2,0.0
51,82,2,2,0,48,2,24.0
52,82,2,2,2,43,1,43.0
53,82,2,2,10,0,2,0.0
54,82,2,2,9,0,3,0.0
55,82,2,2,10,0,4,0.0
56,82,2,2,10,0,4,0.0
57,82,2,2,7,3,3,1.0
58,82,2,2,10,0,3,0.0
59,82,2,2,10,0,1,0.0
60,83,3,3,10,0,3,0.0
61,83,3,3,10,5,6,0.8333333333333334
62,83,3,3,10,31,6,5.166666666666667
63,83,3,3,10,0,1,0.0
64,83,3,3,10,0,5,0.0
65,83,3,3,10,0,8,0.0
66,83,3,3,0,38,6,6.333333333333333
67,83,3,3,10,0,3,0.0
68,83,3,3,2,45,3,15.0
69,83,3,3,10,11,3,3.6666666666666665
70,83,3,3,10,0,7,0.0
71,83,3,3,10,0,5,0.0
72,83,3,3,6,2,1,2.0
73,83,3,3,2,21,4,5.25
74,83,3,3,10,0,3,0.0
75,83,3,3,10,0,9,0.0
76,83,3,3,0,32,4,8.0
77,83,3,3,10,0,4,0.0
78,83,3,3,10,0,4,0.0
79,83,3,3,10,27,6,4.5
80,84,4,4,10,0,4,0.0
81,84,4,4,10,0,6,0.0
82,84,4,4,10,0,7,0.0
83,84,4,4,2,54,5,10.8
84,84,4,4,10,0,4,0.0
85,84,4,4,10,0,4,0.0
86,84,4,4,10,0,3,0.0
87,84,4,4,10,0,2,0.0
88,84,4,4,0,8,7,1.1428571428571428
89,84,4,4,9,0,3,0.0
90,84,4,4,10,1,5,0.2
91,84,4,4,10,0,6,0.0
92,84,4,4,0,66,4,16.5
93,84,4,4,10,0,6,0.0
94,84,4,4,10,0,6,0.0
95,84,4,4,10,3,6,0.5
96,84,4,4,10,0,6,0.0
97,84,4,4,10,0,2,0.0
98,84,4,4,9,0,6,0.0
99,84,4,4,2,54,5,10.8
0,85,0,0,10,0,5,0.0
1,85,0,0,10,0,6,0.0
2,85,0,0,10,0,3,0.0
3,85,0,0,10,0,6,0.0
4,85,0,0,10,0,5,0.0
5,85,0,0,2,54,3,18.0
6,85,0,0,6,30,3,10.0
7,85,0,0,10,0,4,0.0
8,85,0,0,5,0,8,0.0
9,85,0,0,10,0,3,0.0
10,85,0,0,9,0,7,0.0
11,85,0,0,9,0,7,0.0
12,85,0,0,10,0,3,0.0
13,85,0,0,9,14,7,2.0
14,85,0,0,0,53,4,13.25
15,85,0,0,10,0,7,0.0
16,85,0,0,10,0,3,0.0
17,85,0,0,0,6,4,1.5
18,85,0,0,2,46,5,9.2
19,85,0,0,10,0,2,0.0
20,86,1,1,10,0,8,0.0
21,86,1,1,6,31,3,10.333333333333334
22,86,1,1,10,0,4,0.0
23,86,1,1,10,0,6,0.0
24,86,1,1,10,0,4,0.0
25,86,1,1,2,51,7,7.285714285714286
26,86,1,1,10,4,4,1.0
27,86,1,1,7,15,5,3.0
28,86,1,1,10,0,3,0.0
29,86,1,1,10,0,2,0.0
30,86,1,1,10,0,4,0.0
31,86,1,1,6,53,11,4.818181818181818
32,86,1,1,10,0,2,0.0
33,86,1,1,10,0,3,0.0
34,86,1,1,9,11,5,2.2
35,86,1,1,10,28,4,7.0
36,86,1,1,10,0,1,0.0
37,86,1,1,8,0,7,0.0
38,86,1,1,9,0,2,0.0
39,86,1,1,10,13,2,6.5
40,87,2,2,10,0,5,0.0
41,87,2,2,10,8,5,1.6
42,87,2,2,10,28,5,5.6
43,87,2,2,6,23,3,7.666666666666667
44,87,2,2,10,0,9,0.0
45,87,2,2,10,0,4,0.0
46,87,2,2,0,31,3,10.333333333333334
47,87,2,2,7,2,2,1.0
48,87,2,2,2,42,5,8.4
49,87,2,2,9,5,9,0.5555555555555556
50,87,2,2,10,0,2,0.0
51,87,2,2,0,39,2,19.5
52,87,2,2,10,51,1,51.0
53,87,2,2,10,0,2,0.0
54,87,2,2,10,0,3,0.0
55,87,2,2,10,0,4,0.0
56,87,2,2,10,0,4,0.0
57,87,2,2,7,5,3,1.6666666666666667
58,87,2,2,10,0,3,0.0
59,87,2,2,10,0,1,0.0
60,88,3,3,10,0,3,0.0
61,88,3,3,4,6,6,1.0
62,88,3,3,6,21,6,3.5
63,88,3,3,10,0,1,0.0
64,88,3,3,10,0,5,0.0
65,88,3,3,10,0,8,0.0
66,88,3,3,6,40,6,6.666666666666667
67,88,3,3,10,0,3,0.0
68,88,3,3,10,34,3,11.333333333333334
69,88,3,3,7,17,3,5.666666666666667
70,88,3,3,10,0,7,0.0
71,88,3,3,9,0,5,0.0
72,88,3,3,10,5,1,5.0
73,88,3,3,0,18,4,4.5
74,88,3,3,10,0,3,0.0
75,88,3,3,10,0,9,0.0
76,88,3,3,6,28,4,7.0
77,88,3,3,10,0,4,0.0
78,88,3,3,10,0,4,0.0
79,88,3,3,2,29,6,4.833333333333333
80,89,4,4,10,0,4,0.0
81,89,4,4,10,0,6,0.0
82,89,4,4,10,0,7,0.0
83,89,4,4,0,63,5,12.6
84,89,4,4,10,0,4,0.0
85,89,4,4,10,0,4,0.0
86,89,4,4,10,0,3,0.0
87,89,4,4,10,0,2,0.0
88,89,4,4,0,28,7,4.0
89,89,4,4,9,0,3,0.0
90,89,4,4,7,0,5,0.0
91,89,4,4,10,0,6,0.0
92,89,4,4,0,75,4,18.75
93,89,4,4,10,0,6,0.0
94,89,4,4,10,0,6,0.0
95,89,4,4,5,5,6,0.8333333333333334
96,89,4,4,10,0,6,0.0
97,89,4,4,10,0,2,0.0
98,89,4,4,9,1,6,0.16666666666666666
99,89,4,4,0,53,5,10.6
0,90,0,0,10,0,5,0.0
1,90,0,0,10,0,6,0.0
2,90,0,0,10,0,3,0.0
3,90,0,0,10,0,6,0.0
4,90,0,0,10,0,5,0.0
5,90,0,0,2,56,3,18.666666666666668
6,90,0,0,6,33,3,11.0
7,90,0,0,10,0,4,0.0
8,90,0,0,6,0,8,0.0
9,90,0,0,10,0,3,0.0
10,90,0,0,9,0,7,0.0
11,90,0,0,10,0,7,0.0
12,90,0,0,10,0,3,0.0
13,90,0,0,7,15,7,2.142857142857143
14,90,0,0,2,43,4,10.75
15,90,0,0,10,0,7,0.0
16,90,0,0,10,0,3,0.0
17,90,0,0,0,5,4,1.25
18,90,0,0,10,45,5,9.0
19,90,0,0,10,0,2,0.0
20,91,1,1,10,0,8,0.0
21,91,1,1,2,47,3,15.666666666666666
22,91,1,1,10,0,4,0.0
23,91,1,1,10,0,6,0.0
24,91,1,1,10,0,4,0.0
25,91,1,1,0,38,7,5.428571428571429
26,91,1,1,7,5,4,1.25
27,91,1,1,7,15,5,3.0
28,91,1,1,10,0,3,0.0
29,91,1,1,10,0,2,0.0
30,91,1,1,10,0,4,0.0
31,91,1,1,10,48,11,4.363636363636363
32,91,1,1,10,0,2,0.0
33,91,1,1,10,0,3,0.0
34,91,1,1,8,12,5,2.4
35,91,1,1,6,23,4,5.75
36,91,1,1,10,0,1,0.0
37,91,1,1,9,0,7,0.0
38,91,1,1,9,3,2,1.5
39,91,1,1,0,30,2,15.0
40,92,2,2,10,0,5,0.0
41,92,2,2,6,18,5,3.6
42,92,2,2,2,37,5,7.4
43,92,2,2,2,41,3,13.666666666666666
44,92,2,2,10,0,9,0.0
45,92,2,2,10,0,4,0.0
46,92,2,2,0,30,3,10.0
47,92,2,2,8,10,2,5.0
48,92,2,2,0,58,5,11.6
49,92,2,2,9,6,9,0.6666666666666666
50,92,2,2,10,0,2,0.0
51,92,2,2,0,48,2,24.0
52,92,2,2,6,41,1,41.0
53,92,2,2,10,0,2,0.0
54,92,2,2,10,0,3,0.0
55,92,2,2,10,0,4,0.0
56,92,2,2,10,0,4,0.0
57,92,2,2,8,4,3,1.3333333333333333
58,92,2,2,10,0,3,0.0
59,92,2,2,10,0,1,0.0
60,93,3,3,10,0,3,0.0
61,93,3,3,6,0,6,0.0
62,93,3,3,6,21,6,3.5
63,93,3,3,10,0,1,0.0
64,93,3,3,10,0,5,0.0
65,93,3,3,10,0,8,0.0
66,93,3,3,2,44,6,7.333333333333333
67,93,3,3,10,0,3,0.0
68,93,3,3,10,26,3,8.666666666666666
69,93,3,3,7,14,3,4.666666666666667
70,93,3,3,10,0,7,0.0
71,93,3,3,10,0,5,0.0
72,93,3,3,7,5,1,5.0
73,93,3,3,0,20,4,5.0
74,93,3,3,10,0,3,0.0
75,93,3,3,10,0,9,0.0
76,93,3,3,0,36,4,9.0
77,93,3,3,10,0,4,0.0
78,93,3,3,10,0,4,0.0
79,93,3,3,0,31,6,5.166666666666667
80,94,4,4,10,0,4,0.0
81,94,4,4,10,0,6,0.0
82,94,4,4,10,0,7,0.0
83,94,4,4,0,53,5,10.6
84,94,4,4,10,0,4,0.0
85,94,4,4,10,0,4,0.0
86,94,4,4,10,0,3,0.0
87,94,4,4,10,0,2,0.0
88,94,4,4,0,22,7,3.142857142857143
89,94,4,4,10,0,3,0.0
90,94,4,4,9,0,5,0.0
91,94,4,4,10,0,6,0.0
92,94,4,4,2,69,4,17.25
93,94,4,4,10,0,6,0.0
94,94,4,4,10,0,6,0.0
95,94,4,4,7,4,6,0.6666666666666666
96,94,4,4,10,0,6,0.0
97,94,4,4,10,0,2,0.0
98,94,4,4,9,1,6,0.16666666666666666
99,94,4,4,0,44,5,8.8
0,95,0,0,10,0,5,0.0
1,95,0,0,10,0,6,0.0
2,95,0,0,10,0,3,0.0
3,95,0,0,10,0,6,0.0
4,95,0,0,10,0,5,0.0
5,95,0,0,0,58,3,19.333333333333332
6,95,0,0,2,43,3,14.333333333333334
7,95,0,0,10,0,4,0.0
8,95,0,0,4,2,8,0.25
9,95,0,0,10,0,3,0.0
10,95,0,0,9,0,7,0.0
11,95,0,0,10,0,7,0.0
12,95,0,0,10,0,3,0.0
13,95,0,0,3,15,7,2.142857142857143
14,95,0,0,0,30,4,7.5
15,95,0,0,10,0,7,0.0
16,95,0,0,10,0,3,0.0
17,95,0,0,4,1,4,0.25
18,95,0,0,6,50,5,10.0
19,95,0,0,10,0,2,0.0
20,96,1,1,10,0,8,0.0
21,96,1,1,2,47,3,15.666666666666666
22,96,1,1,10,0,4,0.0
23,96,1,1,10,0,6,0.0
24,96,1,1,10,0,4,0.0
25,96,1,1,2,44,7,6.285714285714286
26,96,1,1,9,4,4,1.0
27,96,1,1,10,5,5,1.0
28,96,1,1,10,0,3,0.0
29,96,1,1,10,0,2,0.0
30,96,1,1,10,0,4,0.0
31,96,1,1,10,55,11,5.0
32,96,1,1,10,0,2,0.0
33,96,1,1,10,0,3,0.0
34,96,1,1,8,21,5,4.2
35,96,1,1,6,28,4,7.0
36,96,1,1,10,0,1,0.0
37,96,1,1,10,0,7,0.0
38,96,1,1,8,5,2,2.5
39,96,1,1,2,29,2,14.5
40,97,2,2,10,0,5,0.0
41,97,2,2,8,2,5,0.4
42,97,2,2,6,29,5,5.8
43,97,2,2,10,29,3,9.666666666666666
44,97,2,2,10,0,9,0.0
45,97,2,2,10,0,4,0.0
46,97,2,2,0,23,3,7.666666666666667
47,97,2,2,5,11,2,5.5
48,97,2,2,0,53,5,10.6
49,97,2,2,8,0,9,0.0
50,97,2,2,10,0,2,0.0
51,97,2,2,0,48,2,24.0
52,97,2,2,2,51,1,51.0
53,97,2,2,10,0,2,0.0
54,97,2,2,10,0,3,0.0
55,97,2,2,10,0,4,0.0
56,97,2,2,10,0,4,0.0
57,97,2,2,9,3,3,1.0
58,97,2,2,10,0,3,0.0
59,97,2,2,10,0,1,0.0
60,98,3,3,10,0,3,0.0
61,98,3,3,6,10,6,1.6666666666666667
62,98,3,3,2,38,6,6.333333333333333
63,98,3,3,10,0,1,0.0
64,98,3,3,10,0,5,0.0
65,98,3,3,10,0,8,0.0
66,98,3,3,6,31,6,5.166666666666667
67,98,3,3,10,0,3,0.0
68,98,3,3,0,30,3,10.0
69,98,3,3,8,4,3,1.3333333333333333
70,98,3,3,10,0,7,0.0
71,98,3,3,10,0,5,0.0
72,98,3,3,9,0,1,0.0
73,98,3,3,0,24,4,6.0
74,98,3,3,10,0,3,0.0
75,98,3,3,10,0,9,0.0
76,98,3,3,6,21,4,5.25
77,98,3,3,10,0,4,0.0
78,98,3,3,10,0,4,0.0
79,98,3,3,0,48,6,8.0
80,99,4,4,10,0,4,0.0
81,99,4,4,10,0,6,0.0
82,99,4,4,10,0,7,0.0
83,99,4,4,0,60,5,12.0
84,99,4,4,10,0,4,0.0
85,99,4,4,10,0,4,0.0
86,99,4,4,10,0,3,0.0
87,99,4,4,10,0,2,0.0
88,99,4,4,6,25,7,3.5714285714285716
89,99,4,4,10,0,3,0.0
90,99,4,4,6,0,5,0.0
91,99,4,4,10,0,6,0.0
92,99,4,4,0,78,4,19.5
93,99,4,4,10,0,6,0.0
94,99,4,4,10,0,6,0.0
95,99,4,4,9,5,6,0.8333333333333334
96,99,4,4,10,0,6,0.0
97,99,4,4,10,0,2,0.0
98,99,4,4,10,0,6,0.0
99,99,4,4,0,36,5,7.2
